{"cameraMode":{"drawMode":0,"name":"Shaded","section":"Shading Mode"},"sceneLighting":true,"audioPlay":false,"sceneViewState":{"m_AlwaysRefresh":false,"showFog":true,"showSkybox":true,"showFlares":true,"showImageEffects":true,"showParticleSystems":true,"showVisualEffectGraphs":true,"m_FxEnabled":true},"in2DMode":false,"pivot":{"x":7.400739669799805,"y":0.28620266914367678,"z":-3.1778085231781008},"rotation":{"x":0.06279725581407547,"y":-0.9367886781692505,"z":0.22858163714408875,"w":0.25744786858558657},"size":4.998194217681885,"orthographic":false}