{"cameraMode":{"drawMode":0,"name":"Shaded","section":"Shading Mode"},"sceneLighting":true,"audioPlay":false,"sceneViewState":{"m_AlwaysRefresh":false,"showFog":true,"showSkybox":true,"showFlares":true,"showImageEffects":true,"showParticleSystems":true,"showVisualEffectGraphs":true,"m_FxEnabled":true},"in2DMode":false,"pivot":{"x":7.011178970336914,"y":0.7420084476470947,"z":-3.2213170528411867},"rotation":{"x":0.043808888643980029,"y":-0.9523837566375732,"z":0.16527514159679414,"w":0.2525349259376526},"size":4.322231292724609,"orthographic":false}